UDI,Air_temperature_K,Process_temperature_K,Rotational_speed_rpm,Torque_Nm,Tool_wear_min,Target,Type_encoded,Product_ID_encoded,Failure_Type_encoded
1,298.7490802376947,308.3702658576772,1619,38.35477116764095,12,0,2,1006,1
2,299.9014286128198,309.08380189475673,1790,29.465940565249227,42,1,2,1004,1
3,299.4639878836228,309.7458916717528,1562,49.49189359850171,20,1,1,1003,0
4,299.1973169683941,309.46444977281914,1619,39.66212409330861,54,1,2,1005,1
5,298.31203728088485,309.6131222957229,1669,51.021036830859856,39,0,2,1005,1
6,298.3119890406724,309.3175667334214,1519,51.80974403135707,14,1,2,7003,1
7,298.1161672243364,309.3845531290357,1793,33.93583353156242,51,0,1,1003,1
8,299.7323522915499,309.6983913031306,1735,46.4058975007636,52,1,2,7005,0
9,299.20223002348644,308.49933601771835,1799,41.223890516563486,51,1,2,1008,0
10,299.4161451555921,308.97884992728626,1581,52.644388661801585,29,1,1,1006,1
11,298.0411689885916,308.4424188836392,1505,34.04073901694072,32,1,1,1005,0
12,299.939819704324,309.9753360159933,1616,46.97876960868123,56,0,2,1005,1
13,299.66488528160085,309.88811867937324,1604,45.01705942307623,51,0,1,1004,1
14,298.42467822135654,308.07885362273703,1469,36.26844137201132,8,1,2,1004,1
15,298.3636499344142,309.4111503450314,1443,31.82482530223283,53,1,1,1007,0
16,298.36680901970686,309.85049663483136,1728,46.24591329336374,0,0,1,7005,1
17,298.60848448591906,308.36115069025465,1700,48.68072882770526,43,0,2,1004,0
18,299.04951286326445,309.13589046110525,1627,36.8375656253738,8,0,2,1004,0
19,298.86389003728425,309.8309765951761,1583,46.055312912624785,31,0,2,1008,1
20,298.5824582803961,308.0678919571716,1506,39.063665413122095,14,1,1,1004,0
21,299.22370578944475,309.39484053449365,1483,47.969792731913294,11,1,2,1006,0
22,298.2789877213041,308.5946980147451,1737,33.57802769703349,56,0,2,1008,1
23,298.5842892970704,309.84879239075303,1649,52.92602007381288,7,0,2,1007,0
24,298.7327236865874,309.94211649033076,1762,36.04746870103623,26,0,2,1003,0
25,298.9121399684341,309.88853297822686,1420,38.29800765717228,61,0,2,1008,1
26,299.570351922786,308.9484284333149,1595,29.626574658249794,11,0,1,1003,1
27,298.3993475643167,309.7240853019786,1577,31.12234194499574,64,0,2,1005,0
28,299.0284688768272,309.68909879707013,1406,42.44413327594519,41,1,2,1007,1
29,299.1848291377241,308.6382009464865,1469,35.4925949483832,61,1,1,1007,1
30,298.09290082544,309.65783094830135,1526,51.39344632078144,10,1,2,1008,0
31,299.2150897038029,308.07401526943096,1798,28.411414882338708,42,0,2,7004,0
32,298.3410482473746,309.1925397569641,1559,38.61463336281422,16,0,2,1007,1
33,298.13010318597054,308.4600176745754,1647,37.44567530953459,31,0,2,1003,0
34,299.8977710745067,308.24113377155453,1602,28.541173665692828,39,1,2,1007,1
35,299.93126406614914,308.1539064032584,1547,31.482315172014285,22,0,1,1005,1
36,299.61679469623294,309.3925775517563,1542,39.581994897721785,55,0,1,1006,0
37,298.6092275383467,308.67974992753614,1598,41.8002083645285,5,1,1,7004,0
38,298.19534422801274,309.4495335430575,1553,39.320112923136335,49,0,2,7003,1
39,299.3684660530243,308.13071268159786,1775,42.866254995538625,36,1,1,1007,1
40,298.8803049874792,308.63058067566124,1783,44.663686897359085,63,1,2,1004,1
41,298.24407646968956,309.0789825847507,1541,28.277866991579398,53,0,2,1008,1
42,298.99035382022254,309.58144632967793,1712,40.994664464698104,48,1,2,1008,0
43,298.0687770422304,308.6375050058641,1564,54.97797874485247,10,0,1,1008,1
44,299.81864080415755,309.251782752874,1713,42.532903843627366,48,1,1,7005,0
45,298.51755996320003,309.7719554964724,1420,46.971183488850684,20,0,1,7004,0
46,299.32504456870794,309.23172637636463,1481,36.73218802167273,65,1,2,7004,1
47,298.6234221521788,308.4659189495073,1468,49.67175858827735,62,0,1,1003,0
48,299.04013604235564,308.0488015631131,1530,49.64180149253122,27,1,2,1007,0
49,299.09342055868655,309.74019774780186,1486,42.59628933431589,16,1,1,7003,1
50,298.3697089110511,308.04253882170076,1617,55.328387051817984,5,1,1,1008,0
51,299.9391692555291,309.7494033453684,1704,31.515406013354294,18,0,2,1007,0
52,299.5502656467222,309.05787426805443,1770,28.47453461690827,55,0,2,7004,1
53,299.87899788312836,309.8781353970258,1744,49.56442992919869,27,1,1,1005,1
54,299.7896547008553,309.59756647154734,1740,50.60035504621671,65,0,1,1008,1
55,299.19579995762217,309.9958682210667,1783,31.365802415376134,37,1,1,1007,1
56,299.84374847004625,308.70142363090343,1795,35.43631932284097,36,0,2,7004,1
57,298.1769850041038,309.53437657786225,1560,28.49146617426561,67,1,2,1006,1
58,298.3919657248383,308.8038618272185,1577,36.21264110185581,48,0,1,7004,1
59,298.09045457782105,308.95975124060783,1516,49.6479724697228,42,1,1,1004,0
60,298.6506606615265,309.25501092643674,1595,42.502894775952214,35,1,2,7005,0
61,298.77735457937894,309.74735422837267,1782,37.746676608712065,57,1,1,7005,1
62,298.5426980635478,309.9681669383986,1726,38.40870025737725,12,1,2,1008,0
63,299.65747501830384,309.536546827729,1485,28.03790152003311,51,0,2,1006,0
64,298.7135066533872,308.83553356433464,1688,36.394414771826604,57,1,2,1006,1
65,298.56186901937474,308.8427140045541,1480,46.10084476586205,31,0,2,1008,0
66,299.0853921663165,309.4751646031778,1551,55.277444426858,59,0,2,1007,1
67,298.2818484499495,308.4775542915366,1460,51.71770315554919,57,1,2,1008,0
68,299.6043939615081,308.2209482262628,1460,28.660659010074816,55,0,1,7003,1
69,298.14910128735954,308.7092443152816,1753,53.1596969308955,27,0,2,7003,0
70,299.973773873201,308.57447798330816,1427,49.92955557236152,0,0,2,7005,0
71,299.5444895385933,308.592616240912,1442,49.85053145998745,41,1,1,7004,0
72,298.39743136306834,308.4672155020998,1568,40.8238812521,47,0,2,1008,1
73,298.0110442342472,308.08418637927275,1485,39.14414820272608,39,0,1,1008,0
74,299.63092285690965,308.03574786946683,1576,36.481640407329394,62,1,2,1007,0
75,299.41371468769523,309.97544477947207,1416,29.83945605072224,3,1,1,1003,1
76,299.458014336082,308.8555462674717,1497,34.390590177823576,37,0,1,7005,1
77,299.5425406933719,308.76865329431934,1597,34.90490177938469,26,1,2,7005,0
78,298.14808930346817,309.35929456538616,1497,41.55415795188564,8,0,2,7005,0
79,298.71693145708855,308.43650777573015,1464,48.928443384707435,15,0,2,7004,0
80,298.23173811905025,309.89992236790044,1729,41.266675195142504,55,0,2,1005,0
81,299.7262068517512,309.5726900288311,1740,29.619644584520497,30,1,1,1003,1
82,299.2465962536551,308.1788220046245,1404,54.81811442766971,13,0,1,7004,0
83,298.6617960497053,308.83516155156985,1401,54.39628093463514,24,1,1,7003,0
84,298.12711670057206,309.7582366151243,1421,49.98530720815543,33,1,2,1007,1
85,298.62196464343134,309.88946404458284,1511,55.75718124379817,66,0,1,7003,0
86,298.6503666440535,308.93480302249975,1456,43.24550531840736,23,1,2,1006,0
87,299.4592123566761,309.2268227784214,1465,54.95751380708977,25,1,2,7005,0
88,299.27511494271045,308.3340678921841,1729,30.116941137269023,19,1,1,1004,1
89,299.7744254851527,309.98233725227396,1497,38.23906095131839,63,1,2,7005,1
90,298.9444298503239,308.4633434027669,1543,34.31067550418945,9,1,1,7005,0
91,298.2391884918766,309.88546354827025,1767,33.48332635575956,66,0,2,1007,0
92,299.426489574446,309.2992932979847,1524,31.94248256899493,23,1,1,1003,1
93,299.5215700972338,309.2154735897577,1566,45.427581963847906,4,0,2,7003,0
94,299.122554395139,309.025377022033,1485,49.87701196092454,66,0,1,1006,0
95,299.54193435990913,308.4613396234355,1475,44.1923551837701,57,0,1,7005,1
96,298.98759119272876,308.353056064011,1743,32.11495586846987,26,0,2,1008,1
97,299.045465658764,308.44097241814035,1693,50.711465558137185,14,0,2,1005,1
98,298.8550820367171,308.37287652428853,1458,45.8067318005844,34,0,1,1008,0
99,298.05083825348817,309.5591689471335,1537,38.86863977155588,52,1,2,1008,0
100,298.2157828539866,308.70025051833346,1498,46.875648275009766,43,1,2,1007,0
101,298.06285837137347,308.11568535312676,1591,35.27733941879932,25,1,2,1004,0
102,299.27282082252754,309.9382052602816,1642,37.6653818378379,46,0,1,1004,1
103,298.62871196215264,309.76757176992686,1718,53.68960360769573,33,1,1,7003,0
104,299.0171413823294,309.85550456639044,1448,36.13412615879977,49,1,2,1004,0
105,299.8151329478522,309.9898156452929,1431,41.15967150842222,11,1,2,1008,1
106,298.4985844582977,308.347790498439,1790,52.92395184708841,3,0,1,1007,1
107,298.82076584607125,308.7924840378053,1676,47.81619780749077,47,1,2,1006,0
108,299.5111022770861,309.5164769514082,1419,29.741690332611675,54,0,1,7003,1
109,298.4575963309832,309.39204123610756,1553,32.12448523981117,0,1,2,7004,1
110,298.1539598196576,308.30779181267974,1782,28.21956454161367,65,0,2,1006,0
111,298.57950290582755,309.6316662499812,1467,45.665810126416574,29,0,2,1003,0
112,298.322442574508,308.4488811436733,1765,40.53485591149171,2,0,1,1003,0
113,299.85939530468517,308.44763522964524,1771,31.759695825263716,20,1,1,1003,0
114,299.61624075912886,309.07394884578684,1613,54.82215538958957,48,1,1,1003,1
115,299.26680751302086,309.1858798696834,1542,42.83047227047736,61,0,1,1007,1
116,299.74292118037545,309.1601724156756,1775,34.7730122351609,37,1,2,1006,0
117,299.60734415379824,308.1829736747955,1631,42.016899992331815,14,0,2,7005,0
118,298.3731401177721,309.7549217252608,1612,47.029369316583015,51,0,1,1005,1
119,299.78511799698,308.53120008517743,1478,30.134698103259804,45,1,2,7003,0
120,299.0786844838313,308.2590298425656,1613,35.69170682134097,24,1,2,7004,0
121,299.61488031032815,309.77749615973795,1515,50.59503374475182,20,1,1,1008,0
122,299.79218259984697,309.9113029964595,1491,40.870616371274515,4,0,2,1003,0
123,298.63600694994375,309.7242552345309,1669,43.30415997690426,69,0,2,7004,1
124,298.22010384905536,309.61903214944977,1780,40.11884806186514,46,1,1,1005,0
125,298.4558703250839,309.31048396127807,1567,29.229198394004143,67,0,2,7004,1
126,298.8542155772525,309.1017147412183,1457,32.64099383496436,17,1,2,1006,0
127,299.636029531845,308.1739735198228,1683,40.47516588477295,20,0,2,7004,0
128,299.7214611665127,308.8169064261414,1425,33.85719303142198,22,1,1,1003,1
129,298.0139042610624,308.7453770340246,1768,29.399412802471005,63,1,1,1005,0
130,299.0214946051551,308.51950756752063,1465,51.622190593451066,66,0,2,1008,1
131,298.83482200629754,309.44684022737715,1647,55.47339081659524,39,1,2,7005,0
132,298.44421562094146,308.99175147015757,1653,50.208000471908704,9,1,2,1004,0
133,298.2397307346674,308.16209243181527,1786,51.90597780773068,51,0,1,1003,0
134,298.67523034280725,308.44036640389965,1443,34.77535964887727,60,1,1,1005,0
135,299.885819407825,309.3665175273192,1496,54.8975553143696,63,0,1,1006,0
136,298.6464058640415,308.1522617189806,1441,33.513919724695995,4,1,2,1007,1
137,299.0375812434867,309.7024138280975,1626,54.6400346901313,52,0,2,1005,1
138,299.40603791779034,308.990293054028,1661,55.854940231046626,54,1,2,1004,0
139,298.7272592047586,308.9611731546533,1566,47.92823856088937,36,1,2,1004,0
140,299.9435641654419,309.184815569319,1678,55.47202449017101,55,1,2,7003,1
141,299.9248945898842,309.6493619318503,1488,43.9471138278789,58,1,1,7005,1
142,298.50356459165073,308.6956184158044,1778,35.26716992893053,68,0,2,1004,0
143,298.99449701178474,309.3560323051181,1577,40.235884798637386,58,0,2,7003,0
144,298.60175661963353,309.1314639279916,1596,44.61970619060601,1,0,2,7003,1
145,298.56968098875495,308.53405654033884,1706,30.04628373675642,64,0,1,7003,0
146,298.07377389470906,309.7572599727103,1666,45.425611409282894,59,0,2,1005,1
147,299.2191286679598,309.59485204321385,1667,55.47297942934425,50,0,1,7003,0
148,299.00535804645773,309.31690366931684,1473,33.323014193944374,29,0,1,1003,1
149,298.1029575025,309.7011634581885,1407,50.19266325607473,10,1,1,1003,1
150,298.5572929284732,309.7345884019196,1696,53.42116622582934,38,1,1,1007,0
151,299.8165317719333,309.41672595343005,1563,54.423644598966185,62,1,1,1004,1
152,298.47912378133395,309.67402665672734,1484,54.88379692335252,63,1,2,7005,0
153,298.2897897441824,309.3949429233386,1471,42.60086988420122,60,0,2,7003,0
154,298.97890552055514,309.3602815435206,1454,55.3646214237621,53,0,1,1006,0
155,299.9713009082212,309.23722275643036,1792,49.20468579976429,57,0,1,1006,0
156,298.484110543023,309.50543327911527,1446,32.52680021463493,55,1,1,1004,1
157,299.34427109481175,308.31721021058615,1798,41.35320298110316,33,0,2,1007,0
158,299.52323923065745,309.76174151839786,1637,48.113272910416114,30,1,2,1006,0
159,298.4752750879848,309.74368705549045,1503,34.925528842934334,51,0,1,1003,0
160,299.4564326972237,308.0584945660691,1609,45.93722513936885,0,0,2,7004,0
161,298.7355662654385,309.65163350112954,1441,46.66481341330534,54,0,2,1005,1
162,299.26461166118713,308.2577397349469,1715,32.555592826639845,21,0,1,1008,0
163,299.26705942152176,308.6702377085183,1667,43.82238874867718,39,1,1,1006,1
164,299.07154936814953,309.48701651258324,1785,49.60555350740101,0,1,2,7005,1
165,298.1805795401088,308.32151979209664,1662,41.969078607006374,64,0,2,7003,1
166,299.6706049911785,309.63593404823814,1735,28.338887269731007,62,1,2,7005,0
167,298.64156012994346,309.6642683559155,1786,28.25307713422018,53,0,1,1005,0
168,298.3730370207997,309.0149354675217,1764,37.996821631160344,41,0,1,1003,0
169,298.08155028310955,308.0127717434337,1658,53.933433916089896,20,0,1,1007,0
170,299.1817858863765,308.57407626634983,1682,34.40294982890104,21,0,2,1005,1
171,299.3551287236846,309.2338538367515,1513,45.76218328840724,37,1,2,1008,1
172,298.03317565785574,309.96237235605486,1762,34.21812437941298,7,0,1,7004,0
173,299.02418611659857,309.26362705403335,1439,37.006759710467364,61,0,2,1006,0
174,298.4529915503959,308.5196071621283,1619,51.74517850884155,46,1,1,1007,0
175,299.2903455808189,309.2680114061992,1528,48.40812038355851,16,0,2,1007,0
176,298.34873285801,309.0799707594317,1407,30.671179764769896,16,1,1,1006,0
177,299.3818754762049,309.5596907903023,1500,40.00365658762014,12,0,2,1006,0
178,298.77347069260105,308.21396127765394,1779,28.816753382067404,16,0,2,1006,0
179,299.8734599774735,309.5220558050041,1575,41.464924104884254,37,0,1,1006,1
180,298.275041888292,309.0825331573522,1506,46.54815232762991,44,0,1,1006,1
181,298.6821327021005,309.925984007718,1500,31.318073460748245,5,0,1,1007,1
182,298.2269470424812,308.68374433207737,1659,36.08877828945664,34,0,1,1004,1
183,299.8493872365571,309.2652437862679,1765,39.13942551406039,13,1,1,1004,0
184,299.754678706762,309.86405621102006,1645,53.746868690369396,60,0,2,7005,0
185,298.5158832554303,308.20501945598136,1674,55.81114043184299,14,1,1,1004,0
186,299.31996809206834,309.8744569744729,1431,29.257516371877244,53,1,1,1008,0
187,299.63444440040246,309.37577144460164,1536,49.308221857870976,26,0,1,1004,0
188,299.1104016231989,308.1356741182103,1411,38.40827385926561,12,1,1,1007,1
189,299.059301156712,308.60192713389364,1794,38.98882921442544,30,0,1,1006,0
190,298.4837045818009,309.41634417729057,1701,49.119419253716636,34,1,2,7003,1
191,298.1862055356118,308.13470120293755,1774,53.71594010007144,59,0,1,7003,0
192,299.79443151590664,309.1643409203526,1415,54.626000646071354,5,1,1,1008,1
193,299.80083611432667,308.69176611390594,1528,44.15943240907298,68,1,1,1007,0
194,299.2662029145465,309.241831035535,1462,37.99939246041408,57,0,2,1003,1
195,298.6780595820974,308.091484067625,1508,50.051374404045816,48,1,2,1005,0
196,298.69841914922534,309.7430736123047,1774,35.02803873134441,22,0,1,7005,0
197,299.45191135774047,309.9469779383548,1420,43.794072807338495,33,0,1,1003,0
198,299.79422051990514,309.93775571057137,1557,38.04019692269645,25,0,2,1007,0
199,299.7741728485302,309.4993036634859,1668,46.38567006382053,46,0,2,1004,1
200,299.55975109171527,308.26017248026125,1561,34.73116956101819,4,0,2,1006,0
201,299.2840632923086,309.51652639185806,1659,33.36460248057512,19,1,1,1003,1
202,298.1682799299901,308.04917383291763,1501,53.71069442691224,5,1,1,1005,0
203,298.3232574281892,308.044247103058,1622,30.850503122587032,69,1,2,7003,1
204,299.79710837705414,308.6472204382991,1458,42.16682141657809,58,0,1,1005,0
205,299.2128581193192,308.97728638080935,1646,34.18387792296425,63,1,2,1006,0
206,298.0183941032333,309.5408148356156,1527,29.090038973118688,17,1,2,1004,1
207,298.20294308573204,309.366590753213,1682,29.00852691215994,3,1,2,1005,0
208,299.3270035382161,308.8918054127535,1724,32.90620961896317,16,1,1,7005,0
209,298.0101231676924,308.54725333256334,1424,52.269569926168,13,1,2,1005,1
210,298.321616102835,309.99424900031545,1530,35.909404831356746,12,0,2,1007,0
211,299.0974675787332,308.8523626044719,1752,54.61285677610828,6,0,1,1004,1
212,299.3837903953854,308.90277404865935,1595,44.28542420369742,43,1,2,1006,0
213,299.3039225190052,308.3272476423833,1680,40.22519731352545,14,0,1,7003,1
214,298.44853861892113,309.58961909749985,1553,44.242487370744726,18,0,2,7003,1
215,299.42435844269505,309.387364451563,1781,42.4675547863355,62,1,1,1005,1
216,298.4744981749936,308.4415392255775,1532,49.2457351052051,34,1,2,1007,1
217,298.6507993963185,308.1647620912317,1626,35.90988984723987,34,0,2,1003,0
218,299.4929828102361,309.3609986041494,1588,37.885410964808464,18,1,2,1003,0
219,299.29926579809444,309.3090224285623,1664,53.03464047093102,19,0,2,1007,1
220,299.69844682098835,308.5465190539964,1771,54.500782368211354,34,0,2,7005,0
221,299.31522578460067,309.90172712450084,1533,52.99163036962129,31,1,1,1003,0
222,299.13661720667096,308.3021157835618,1610,39.74454383080478,47,0,1,1003,0
223,298.1873495356562,308.8646696020852,1459,49.850234084192685,43,0,2,1006,1
224,298.7354316061189,309.8872318403352,1776,41.33740053243076,23,0,2,1006,0
225,298.53040473536345,308.83945463385226,1794,41.93111586009086,60,1,2,1004,0
226,298.48797928675816,309.27705189532816,1763,33.731043053603955,16,1,1,7005,1
227,299.9460211095049,308.7951887959256,1763,44.55164849123846,49,1,1,7005,0
228,298.78619544933355,308.54843040469734,1612,33.21180513709374,64,1,2,1004,1
229,299.7840931103542,309.96795529591964,1615,37.28381157388142,31,0,1,7005,1
230,299.26227725199453,308.8186680126301,1625,51.94084564535818,35,1,2,1008,1
231,299.5896226070833,309.78819840735827,1530,33.798122657903946,12,1,2,7004,0
232,299.0052741862104,308.4599092117822,1475,29.99243198485612,69,1,2,1006,0
233,299.1538077692527,308.42620940805017,1685,29.932212593158855,57,1,1,1004,1
234,298.9850353876377,308.062268165769,1676,54.341966574087024,13,0,2,1004,1
235,298.3904859755961,309.30333365075177,1555,42.19377226293137,36,0,2,7005,1
236,299.44490423052304,308.73705268744754,1647,39.46353801087651,67,0,2,1003,1
237,298.5615447248817,309.72871649967925,1617,50.70460026822172,39,1,1,7003,1
238,298.0486319328629,308.9464198133831,1589,51.40312598149445,58,1,1,1005,1
239,299.2909445918143,309.9363868558294,1562,37.30134892723693,15,0,1,1005,0
240,298.3542213588141,308.37105103140624,1579,47.42130560926627,61,1,2,1004,1
241,299.8809171687058,309.7372463359112,1433,49.59143884385283,3,1,1,1008,1
242,299.90785715400517,309.5531937055835,1440,46.330219232246726,44,0,2,1004,1
243,299.8297287804409,309.5418436892881,1706,32.244662094402784,27,0,1,1006,0
244,298.7403174005109,309.68956645623376,1737,52.52472633847759,65,1,2,7005,0
245,298.03091323305773,309.522047981886,1713,43.094647476608245,30,1,1,7005,0
246,299.85663712517544,309.25244064326284,1474,35.909227938360104,2,1,2,1008,0
247,298.8563682966346,308.26248975536475,1678,39.90638919225543,7,0,1,1006,1
248,299.93330963808734,308.0650523589825,1575,29.051990531169405,23,0,1,7003,0
249,299.9272399541785,309.84169569563136,1783,31.580270434227693,14,0,1,1003,1
250,299.70601891093474,309.2333006290415,1549,49.4353090144441,42,0,2,1006,1
251,298.5888977841392,309.59307458195235,1672,28.00032577315025,30,1,1,1007,1
252,298.77019545720384,308.9630447030251,1724,39.66384319750418,44,0,1,7004,1
253,299.7022733430337,308.2346163779248,1507,42.630285070396475,65,0,1,1004,1
254,298.63384401031254,308.2503715844051,1538,29.529763760027222,7,1,1,1007,1
255,298.3389854933722,309.37113057445794,1749,55.24618856322532,56,1,2,1008,0
256,299.1136025249167,308.86061178979895,1670,34.331509274990815,29,1,1,1007,0
257,299.87230954832154,308.4010494534007,1746,36.51756414981587,17,0,2,7005,0
258,299.3920595933499,308.98318909348285,1688,36.51039034314076,68,1,2,1003,0
259,299.1401223401787,308.1284178741503,1611,34.451666539285796,38,1,2,1005,0
260,298.19435298754155,309.1639428038288,1780,28.04126701841672,59,0,2,1004,1
261,299.2300144533983,308.5379868088702,1671,48.4216542344639,42,0,1,1005,0
262,299.9801077002085,309.5951182012744,1465,55.07167399437999,44,1,2,7005,0
263,298.280168030473,308.62072391784716,1647,34.280217531981265,22,0,2,7005,0
264,299.0366593047275,308.9104402981636,1555,46.56532137049582,68,1,2,1004,1
265,299.7547461438559,308.0232410798162,1446,48.773097154844024,5,1,2,1005,1
266,299.4815372355084,308.14489377558914,1600,51.75591061453469,55,0,1,1006,1
267,299.3940314819905,308.7849871128134,1547,39.833617516381054,3,1,1,7005,0
268,299.40496816797423,308.95987766943426,1523,36.482065357932015,22,0,2,1005,0
269,298.7189823024395,309.20004109623864,1400,37.10826375264487,5,0,2,7003,0
270,298.58718368852897,308.5833251574186,1646,47.95339732675836,31,0,2,1005,0
271,299.618722310957,309.3899637722531,1742,50.86982506215781,17,1,1,7003,0
272,299.62022678935836,309.7202447943784,1527,33.085191097184875,14,0,1,7003,1
273,299.7341446371602,309.5597019777867,1590,38.386348228417425,39,0,1,7005,0
274,299.8264811051129,308.0792376506967,1466,53.2543255089762,5,1,1,1004,1
275,299.02268479772187,308.96101389451565,1403,50.5874185514527,62,1,1,1008,0
276,299.0030325893744,308.2098603568364,1702,55.57603527734932,66,1,2,7005,1
277,299.59659035793356,308.48409003172503,1693,49.11895127109826,10,1,1,1004,1
278,299.29992786155555,309.9733251865343,1542,39.009465628781825,42,0,1,1004,1
279,299.4039337545154,308.28499108580303,1590,44.53785935184986,16,0,2,1007,1
280,299.5915853388722,308.9977763069027,1420,46.50839911892497,3,0,1,7004,0
281,299.7800106836351,309.23631146863625,1626,30.19676285687947,62,1,1,7005,0
282,298.6759903137031,309.4049299410882,1712,43.24591485490822,67,1,1,1004,0
283,298.7511659052799,309.11929736697385,1516,47.86098319723307,40,0,2,1007,1
284,298.1879638796817,308.0195416948384,1701,32.68499651202969,4,1,1,7003,0
285,299.15656028199237,308.65292261648796,1541,49.857688087915605,31,1,2,1008,0
286,298.07188454759347,309.0354232867694,1438,44.34563785439512,69,0,2,1008,0
287,298.9311960362649,308.1757329982897,1792,54.66220999953265,34,0,1,7003,0
288,299.08528926941517,308.70125386241835,1754,29.18782434979297,21,1,1,1005,1
289,298.57308250425655,308.0664062175827,1651,35.42913185155307,64,1,1,1005,1
290,299.181666521138,308.15715699431,1732,44.84350862039507,21,1,1,7005,0
291,298.0610004998781,308.7938465524032,1606,36.30367754176606,10,0,2,7004,0
292,298.0746963774984,308.2654315080861,1609,48.00387659399478,2,0,1,1007,0
293,299.6452011213193,309.1350816965231,1514,49.25214791061407,8,0,2,1008,1
294,298.72038128282253,309.37892993827455,1624,30.870446993861286,59,0,2,1003,1
295,298.2541210253038,309.6011733982182,1533,42.3879249977895,13,0,2,1003,1
296,299.0444865201096,308.4003004884896,1650,42.24893555654957,17,1,2,1006,0
297,299.5399871061972,308.33496516451817,1618,38.339861566035154,22,1,2,1004,1
298,298.4316420549937,308.2091356806688,1490,54.12189615195082,46,1,1,7003,1
299,299.245780951638,309.2728604990873,1753,51.17017695645019,68,0,2,1004,1
300,298.1706949299875,309.4129514529738,1775,47.52186269346983,46,0,2,1004,1
301,298.10336344233724,308.0631722896513,1445,48.001145800579934,29,0,1,1007,1
302,299.0627092631363,309.87242449248737,1437,40.92805202676733,24,1,1,1006,0
303,299.0812702432202,308.10394256730297,1541,53.78784659070412,27,0,2,7004,0
304,299.2748598029964,309.08259267060214,1499,47.44867196309199,24,0,2,1006,0
305,299.4521826674453,309.41812103890186,1727,48.41146972636286,57,1,1,1008,0
306,299.95170415892505,309.74193824749216,1589,52.12734530604567,40,0,2,1007,1
307,299.0326006966024,309.42817386426486,1434,35.67400450158135,24,1,1,1004,0
308,298.6459129458825,309.6034561661396,1546,50.59798530826768,47,0,1,7004,0
309,299.59037238953744,308.6789003850856,1429,33.466736882781774,9,0,2,1004,0
310,298.54166450252416,309.629650227493,1733,37.66957466285686,10,1,1,7005,1
311,298.87794284141125,308.16022969276935,1483,37.397092719555594,20,1,2,7005,0
312,298.15691276268456,309.78963331212105,1768,55.39871311489594,44,1,2,1005,1
313,298.0507014868309,309.0951847523075,1680,51.98304226494195,6,1,2,1006,1
314,299.92529682935583,309.634595539925,1743,47.632756124527276,63,1,1,7004,1
315,299.6719602410244,308.9046365690366,1669,48.35758932523092,63,1,2,7005,0
316,299.3919484121874,309.287155390393,1553,43.73803824327199,1,0,1,1005,1
317,298.81790588882853,309.0528053218722,1501,54.518538679038535,41,0,2,1007,0
318,298.3465886401417,309.46317904351065,1614,41.895245080706125,53,1,2,7004,0
319,298.3128740853422,308.1632599640612,1549,38.654495876357046,15,0,1,1005,0
320,298.5004857963292,308.1207041679811,1482,32.56498943408455,17,1,2,7003,1
321,299.0984533294122,308.4942064680203,1509,50.013758263309626,58,0,2,7004,1
322,299.4291918454001,308.31908936022637,1786,48.56443009811656,15,1,1,1005,0
323,299.32039475343544,309.7435671331844,1674,38.761941078675775,5,0,1,1004,1
324,298.5598677938919,308.4384279747161,1600,28.705415590858422,56,0,1,7003,1
325,299.9097305613264,309.9517305116383,1683,51.4919251761043,46,0,2,7005,1
326,299.47579383339155,308.6737915835422,1572,28.319703536714062,47,0,1,1003,0
327,299.1087081050228,308.3642358313774,1726,47.703593829613425,41,0,1,1005,1
328,299.2234414924687,309.57939701428495,1605,55.167199072329595,59,1,2,1007,1
329,298.83920012485555,309.3174155510018,1462,40.2545171881497,3,1,1,1005,0
330,298.4954619790023,308.99639143290625,1472,34.57925533988668,1,1,2,1003,1
331,298.7119453573025,309.1107271018753,1650,47.73638828121469,58,0,2,7003,0
332,299.5156922209287,309.43840355654453,1523,50.87958797643638,26,1,1,7003,1
333,298.02878697725953,308.4569094826626,1774,43.30004885017972,26,0,2,7004,1
334,298.23214528101386,309.9926678321135,1520,55.076987707172094,6,0,1,1007,1
335,298.0920052840435,309.9495863242936,1674,29.44672420642291,62,0,1,1007,1
336,298.08145760463793,309.3006513726939,1797,42.13427675252679,45,1,1,1007,1
337,299.710921168022,308.3990849018583,1519,48.1167105250314,62,0,1,1003,1
338,299.40731571876006,309.3604564848626,1716,52.15393319217701,11,1,2,1007,0
339,298.94834765817467,308.14439681795835,1563,33.01915713341812,12,1,2,1008,1
340,298.195668321302,308.0613050044116,1685,50.40009748938308,42,0,1,1003,1
341,298.98323175023364,308.51536577702245,1664,43.475798120119265,16,0,1,7003,1
342,298.94694354156115,308.92524591347865,1719,39.10350309571897,62,1,2,1003,0
343,298.34640373982,309.73654501081677,1560,31.68802080021462,35,1,1,1004,0
344,298.86770329847593,309.45433813953264,1775,52.22828124944955,7,1,2,1004,0
345,298.7970094687947,309.48541304239995,1707,32.403649829032034,68,1,1,1007,1
346,299.23170019610444,308.85098666889616,1488,36.674060057854774,35,1,2,7003,1
347,299.2701873017353,308.69186998509394,1541,36.12127489494823,27,1,2,1003,0
348,298.0906080195441,308.7420775259692,1602,52.39959295734392,46,0,2,1003,0
349,298.74922522925294,309.9752991274721,1708,46.835683837849146,29,1,1,1003,0
350,299.2517198314285,308.08021838282497,1626,50.30707912135843,22,1,1,1008,1
351,299.0062725171602,309.7340629922449,1733,35.01310116618997,15,1,1,1004,0
352,299.71297968237667,309.1573508171448,1621,45.49647478899597,13,1,1,1003,1
353,299.3173872632379,308.8772308383792,1440,44.008887528024964,51,0,1,1008,1
354,298.3258688541629,309.4505153208303,1595,51.31925055007159,36,0,2,1004,1
355,298.1411374948009,308.9733378828494,1467,53.370437693475296,28,1,2,1008,0
356,299.28483855641264,309.74684647616334,1663,28.34038960136683,66,1,2,7004,1
357,298.05302262108324,309.80140372802254,1401,46.87255773364619,14,1,2,1004,0
358,299.1715511625469,308.8434418537469,1760,29.451402375352412,46,0,2,7005,0
359,299.8804604828499,308.5536555944701,1524,43.368042622165966,45,0,2,7004,0
360,299.1509483557518,309.18470065718674,1509,36.053716413222986,51,0,2,1003,0
361,298.77633985241306,309.82472669123337,1485,36.58974478661995,18,0,1,7003,1
362,299.28657643688473,308.4213243780113,1519,37.882838096665985,20,0,2,1008,1
363,298.916505780983,309.24593316712696,1526,45.39618857338908,63,0,1,1008,1
364,299.0912335786319,309.26312044018505,1654,37.35339903872554,36,1,2,1008,1
365,299.88292961755303,309.46622604483053,1582,48.51557341652785,26,0,2,1008,0
366,298.77220527560155,308.26313537025453,1415,39.326766796068355,54,0,1,7003,0
367,299.92238112764784,309.4316499293642,1461,29.91388960867884,28,1,2,1005,0
368,299.8107012839121,309.8180650413313,1768,49.945275589555,19,0,1,1008,0
369,298.3915822695786,308.3593662177405,1557,36.00123308859577,24,1,2,1005,1
370,298.1387226017503,308.47508664984775,1667,40.11747262877935,69,0,1,7003,0
371,298.20155600275484,309.9427901880833,1434,47.192428730213244,62,1,2,7003,1
372,298.0364436513031,308.361953905419,1666,37.30877240016394,35,1,1,7004,0
373,298.1888859215119,309.7087701867392,1463,29.584398372108037,1,1,1,1004,0
374,299.36601354683273,308.98455571289605,1449,38.469789316358785,21,1,2,7005,0
375,298.1423772969205,308.49446214880635,1654,54.4445603154405,15,1,2,1007,0
376,298.6379512605875,309.74149980254504,1548,45.96856312435963,17,0,1,7005,1
377,299.6897506219389,308.89061051000533,1724,46.80141616268179,68,0,2,1007,1
378,298.04654387147167,309.0296347078594,1703,45.70390030185392,53,1,1,7003,1
379,299.6289369651779,308.7184667387995,1675,33.57177989086423,29,1,2,7005,1
380,298.5637095495468,309.18590170286984,1756,39.71334819486384,44,1,1,1006,0
381,298.2363296552433,308.32704774517003,1571,49.02631435417291,18,0,2,1004,0
382,299.3934743307283,308.78216307330354,1600,30.838441131488455,33,1,1,7005,1
383,299.2578856935598,309.9388246446706,1792,35.77987773051194,12,1,2,1004,1
384,299.7549440270541,308.51626686540226,1723,35.7369350370439,42,1,1,1005,0
385,299.47014208760777,309.31347332908257,1434,40.09652997264617,61,1,1,1004,0
386,299.6069618607697,308.6503801284494,1615,55.450324746381185,21,0,2,1005,1
387,298.56406914514264,309.5469462513732,1464,29.890071307147014,51,1,2,1008,1
388,298.3548790875594,308.2617473214367,1407,42.52362784265666,51,1,1,1005,1
389,299.5012295032817,309.93964209015707,1700,33.02221109634189,35,0,1,7004,0
390,299.6136694785345,308.90757908276726,1742,55.17894327147283,18,1,1,1008,1
391,299.98101028400134,308.4721009266929,1731,31.172498132368997,37,1,1,7003,1
392,298.82523535382285,308.14699349466,1475,39.30082806612455,69,0,2,1003,1
393,298.74403617158555,308.3395158101751,1573,48.66077957536898,56,0,1,1005,1
394,299.552825921484,309.039547897112,1446,47.72752398476847,19,0,1,1005,1
395,298.681607080506,308.6740063528626,1414,39.8364018330301,8,1,1,1004,0
396,299.86151465120713,309.6577667317652,1760,37.702676702676115,31,1,2,7003,1
397,299.71682550368604,308.8617750473236,1546,39.133146599480376,3,0,1,7005,0
398,298.85798805475,308.49742854517524,1425,35.3997353684419,49,0,2,1006,1
399,299.501742135583,309.23428997320804,1707,33.74932228379039,4,0,2,1007,1
400,299.50908574816935,309.4135544337709,1492,41.52511153164892,19,1,2,1005,1
401,298.20624773767184,308.3340838158019,1631,35.518945169893,36,1,2,7005,0
402,299.80510581335915,308.33523843257666,1420,36.048926617123,21,0,2,1006,0
403,299.01050474489574,308.0733428538671,1706,46.3891697772876,57,1,2,1007,0
404,299.6529149322155,309.4728040301313,1437,55.11904528759698,67,0,2,1003,1
405,298.6400992020612,309.3276090552436,1675,44.901841615662505,43,1,1,1004,1
406,299.7910464569924,308.94926175149965,1556,30.155425077819057,33,1,1,7005,0
407,298.77840335746833,309.6883408979384,1578,30.116341187913875,41,1,2,1004,0
408,298.0216753029606,309.6113403059001,1531,54.63985018367585,8,1,1,1007,1
409,299.8107639528385,309.1707087287935,1710,36.324142128605345,6,0,1,7004,0
410,298.18257335357225,309.7365425610265,1747,30.577875610309313,67,1,2,1005,1
411,298.63862727518085,308.41168242007353,1427,44.77324844021068,18,1,1,1008,0
412,299.9001239341016,308.22383923879545,1659,45.46216579212745,30,0,2,1006,0
413,299.9012142938751,308.539499223034,1475,46.15813496332326,34,1,1,7003,0
414,299.1468757762466,308.1141737121786,1466,35.48725678001116,56,0,2,1005,1
415,299.2636744243396,309.0623390560021,1741,28.4230991580053,60,0,2,1008,1
416,298.89689104395666,309.8732113845899,1593,55.02043034472521,30,1,1,7005,0
417,298.5864215433961,308.078687081337,1561,35.02500527935087,52,1,1,1003,1
418,298.65732909073984,308.24421982802005,1746,46.92873606547133,31,0,2,1005,1
419,299.34503691215406,308.9043980565669,1760,47.78563635660387,65,0,2,1004,1
420,299.50474905887535,309.8677500350558,1656,45.0802076782256,58,0,2,7004,1
421,299.5831580874517,308.6323122099535,1471,36.76140703798215,9,1,1,7003,0
422,299.5792362855891,309.0144696173768,1486,35.59069510539384,1,0,1,1004,1
423,298.18241220609735,308.0831457181008,1661,44.73471191567569,65,0,1,1008,1
424,298.98884060940514,308.2966864019242,1613,52.25067774112736,59,0,1,1005,0
425,298.11511752003327,309.9732602459177,1552,54.50854440985508,16,1,2,7004,1
426,299.09905776464745,309.9302373928721,1609,30.965362523305213,15,0,2,1005,1
427,298.88306100274673,308.0098799618688,1460,32.335201152736154,15,1,2,7005,1
428,299.7754083655166,309.9036235708465,1667,54.45261524592623,45,1,2,1003,0
429,298.70183002510413,309.278239875631,1661,48.62298639337419,38,0,1,1007,0
430,298.2341340328552,309.73583658904005,1617,52.723827095233645,30,1,2,1005,1
431,298.2859833641057,308.9094797112677,1682,33.673713755789606,0,0,2,1008,1
432,299.52302126343494,309.0311920571585,1535,44.452404391063254,10,1,1,1004,0
433,299.2364361266325,308.97769316051387,1779,47.63190864368926,3,1,1,7005,0
434,298.2022453522456,309.3337285150922,1761,47.04313279251524,25,0,2,1008,0
435,298.16821361223,308.2793025095126,1492,39.42824734426755,49,0,1,7003,1
436,299.40193826291824,308.05994717974534,1508,28.43105696735664,11,0,2,1007,1
437,298.1455260127284,308.6158598831824,1640,44.32192959051937,64,1,1,7005,0
438,299.6437201185807,309.4093615254733,1754,35.086843097029046,46,1,1,1003,1
439,299.412484454313,308.4037069042459,1541,40.607118892000926,52,0,2,1007,1
440,298.1626975612838,309.3468648666498,1690,54.81226842234689,1,0,1,1008,1
441,298.16967542817036,309.93982409221456,1636,39.172988893988176,23,1,2,7003,1
442,299.97327915700237,308.18780143157886,1739,51.51444498660395,3,1,1,1006,1
443,298.74854159151226,309.34520423645023,1711,33.27913696097903,18,1,1,1003,1
444,298.7412842941338,308.88750043860915,1576,46.82889394470081,25,0,1,7004,1
445,299.625599134515,309.73628450875503,1540,55.35619472429042,39,1,1,1006,0
446,299.8944971547677,308.35429957889477,1588,30.85300682444223,49,0,1,1005,0
447,299.97200212764574,309.38525190445233,1448,28.232958382361375,42,1,2,7003,0
448,299.5067563705179,309.6762305792962,1701,40.1403181937132,66,1,1,1004,0
449,298.7525191710618,309.88922843894807,1768,30.593513525438283,11,0,2,7004,0
450,298.16700143339733,309.3664960565793,1589,48.95476179093448,66,0,1,1008,0
451,299.55429383185486,308.99434952801687,1535,53.60736258775965,26,0,2,7003,0
452,299.11680849947163,309.2356944804024,1442,40.152587235845246,53,1,1,1007,0
453,298.848444018494,309.73780996895744,1779,35.243925980352344,65,1,2,7005,0
454,299.8127087701895,309.1412194932777,1752,40.16329293218507,48,1,2,1007,1
455,298.2223949646123,308.06077411939367,1489,48.25653889980003,15,0,1,1007,1
456,298.9852502085817,309.86189739101394,1694,28.253516524250387,1,1,1,1005,0
457,298.0227072895348,309.37905350206313,1740,44.50471170557152,59,0,1,1003,1
458,298.93732128398824,309.3530267715545,1644,45.172167176846614,53,0,2,1004,1
459,298.1126065513637,308.43135030479544,1591,45.855270913086194,29,0,2,7004,0
460,298.23763583253617,309.3177709404653,1717,34.77661823946456,37,1,1,1003,0
461,298.23505249355424,308.78772881130834,1505,47.99347625458755,27,1,1,7003,0
462,299.29842060423215,309.302465954083,1762,30.55896161728974,24,0,2,1007,1
463,299.4920897585308,308.21318606061595,1709,33.579569421070424,9,1,2,1005,1
464,299.1667375301943,309.31569060920606,1781,52.5691613063255,59,0,1,7003,0
465,299.9243450969491,309.99882745154133,1632,48.68424822034386,41,0,2,7005,1
466,298.7497411590474,308.0964240777211,1664,28.384875512317667,39,1,1,1004,1
467,298.5714241725637,309.95434836844265,1743,34.95453529035441,41,0,1,7004,1
468,299.7371982563789,308.8138159214457,1436,34.003381523808606,46,0,1,7005,0
469,298.4471916770389,309.7415069006745,1704,35.582577185035234,36,1,2,1005,1
470,299.9264450788812,309.56477096811653,1440,34.93167356783682,21,0,2,1004,1
471,298.02430894937964,309.1340325219733,1416,29.750736280799682,56,0,2,7003,1
472,299.93975765341526,309.4768984185026,1743,40.85033446471097,26,0,2,1007,1
473,298.08631982390114,309.7570311226027,1676,48.51653729401262,40,0,1,1007,1
474,299.7822862273961,308.80828064330206,1706,44.98848829208822,33,0,2,1007,1
475,299.0554022181726,308.6540663231265,1458,46.84040672074623,31,0,1,1006,1
476,299.9859295922386,309.33518677112716,1582,30.272176999014697,65,0,1,1007,0
477,298.1475931294708,309.6156918838825,1440,54.64173988495004,11,1,1,1006,0
478,299.10770856880265,309.52457026955324,1438,51.477771347604694,39,1,2,1008,1
479,299.9386050712382,309.5956272977173,1796,50.542528917878556,9,0,1,1006,0
480,299.0461956883403,308.87116662962586,1591,51.04354654116949,47,0,1,1004,1
481,299.2587972762705,309.63566843235003,1666,54.11589422771732,19,1,2,7005,1
482,299.39149737796924,308.2404181107412,1546,43.239111051183535,38,1,1,1004,1
483,298.90908212953553,309.0889781959217,1794,33.60789650029353,59,1,2,7005,0
484,299.25511616016814,308.01151732099623,1732,45.269941019871155,65,1,2,1008,1
485,299.1686286238462,308.6491716598005,1526,48.80068182270229,64,1,2,7005,1
486,299.802316020982,308.7329230697428,1445,48.66168701391271,50,0,1,7005,0
487,298.0908927606829,308.7923453832185,1444,42.60057267667264,35,1,2,1005,0
488,298.56192637918446,309.39093441337974,1400,29.916844141340185,23,1,2,1003,1
489,299.90082296815314,308.7771162025407,1567,38.39116227604358,26,1,2,1003,0
490,299.78052756778186,308.89738724524506,1507,53.781465036974005,1,0,2,1005,0
491,298.9113135055714,308.4750882617487,1418,44.36456947320793,30,0,1,1007,1
492,299.24026519560306,308.7465035832587,1731,43.07329441115998,56,0,2,1005,1
493,298.5547623659623,308.4545392545263,1471,35.52789840270142,65,0,1,7005,1
494,298.3762423194475,308.1463918475369,1508,38.31656975766421,28,0,2,7005,0
495,298.92739680987995,309.2068971867628,1667,53.06969049628874,14,0,1,1005,0
496,298.7067044560521,309.33642559711,1639,46.660965330751395,11,1,2,1005,0
497,299.16731222370174,309.23898069201925,1700,50.04683674906532,27,0,1,1007,1
498,298.15546927392995,308.92698808760116,1489,40.72167184589434,23,0,2,1004,0
499,299.9487896153323,308.75957156035844,1502,45.64692214477242,20,1,1,1008,0
500,299.9724214889592,309.7266672991436,1649,34.95474104480981,9,0,1,7003,1
501,299.39632342803947,309.03816357027245,1407,47.75290324793762,17,1,1,7005,1
502,299.0721927326882,308.9583637552595,1552,39.97283734369344,13,1,2,1008,1
503,298.61905523257263,308.0512841316129,1746,40.39127441481288,33,0,1,1005,0
504,299.6275900394139,308.6824956552523,1573,46.18102508815269,57,1,1,1007,1
505,299.36946234510776,308.7603912375717,1742,54.215857401129945,21,1,1,1006,0
506,298.3252338786898,308.7976455617938,1557,29.792177705041386,69,1,1,1007,0
507,299.82185436898766,309.1603447384547,1614,51.09281064571621,35,1,2,7004,1
508,299.64507448584635,309.06720509345377,1576,36.18672709154141,44,0,1,7004,1
509,299.8995998265838,309.21581018558686,1574,40.42974472617858,35,1,1,1008,1
510,299.4514390167767,309.5297665230843,1739,28.613573205700252,21,0,1,1003,1
511,299.2268303918716,309.6259714774322,1737,36.42929017936076,60,1,2,7004,1
512,298.83648607258124,309.436246152453,1545,42.073674793643654,55,1,1,7004,0
513,299.86545696670805,309.91104739190985,1723,29.57293016572829,32,1,1,1004,0
514,299.7321277790008,308.03646516535275,1560,41.75068042272862,44,0,1,1006,0
515,298.09043734021236,308.3915559713671,1526,53.95909760803596,35,0,1,1004,1
516,298.0527339489945,308.01512574995627,1481,30.951010107018547,19,0,2,1006,0
517,298.7529267337561,309.2949494283092,1546,49.40434038611412,17,1,1,7003,1
518,299.62110666156366,309.79606109789995,1638,39.47078949452779,37,1,1,7005,1
519,299.9745522586299,308.4869645931526,1483,46.34486400668146,66,1,2,7004,0
520,298.30083378220706,309.8540690895926,1512,35.28662474358642,22,1,2,7005,0
521,299.18826143070424,308.12053478057913,1624,32.46578335115803,15,0,2,7004,1
522,298.76178171326205,309.868872053611,1731,32.49295319959434,58,1,1,1004,0
523,299.9398287956292,308.70324537447925,1777,29.97377447800805,68,0,2,7003,1
524,299.6842378462714,308.20284165689844,1642,33.19810773723481,67,1,1,1004,0
525,299.67665740942226,308.97174351837265,1542,46.598142779691116,20,0,2,1004,0
526,298.93738631958996,308.51355313544104,1440,52.68733713161822,69,0,1,1006,0
527,298.82963900467536,308.56974580392387,1657,50.79551919655253,11,1,2,1003,0
528,298.5468141438614,308.6145799298526,1684,47.183760676485555,15,1,1,1007,0
529,298.11275099330186,309.60605179566534,1504,31.092092175510874,13,0,2,1008,1
530,299.7294447525101,309.0783225533505,1601,36.097248496286596,60,1,1,7005,0
531,299.6258020182602,308.622615398312,1706,36.67459250902913,45,1,1,7004,0
532,299.9994353465723,309.22066756662184,1730,34.998794499133396,31,0,1,1004,0
533,299.9932736741478,309.4323013484464,1665,42.42015847187225,14,0,1,1003,1
534,299.11086341120523,308.5452480014671,1797,42.99550681663084,43,0,1,1004,1
535,299.537974830361,308.8270982030507,1609,37.992807304791086,16,0,1,7003,1
536,299.88953145976484,308.2437721866739,1450,37.90609644462021,40,1,1,1006,1
537,299.6992947813548,308.36229869906936,1517,51.19955674137027,53,0,1,1007,1
538,298.4946962034864,309.36223570793,1600,50.1001997529512,43,0,2,7003,0
539,298.90108827062016,308.36287669539126,1776,36.618283287060876,4,0,1,1005,0
540,298.258318830303,309.0503267673341,1438,53.586076428451264,26,1,1,1004,0
541,299.9081020545174,309.41809252344484,1427,54.67882047607017,42,0,2,7003,1
542,299.21234926890173,308.2137538461895,1658,37.148791176841144,30,1,1,1007,1
543,298.4572856110069,309.13462443925783,1483,37.92389856620554,16,0,2,1003,0
544,299.3434013688117,308.5131255674027,1554,42.15775629581485,53,0,1,1003,1
545,299.2362564809158,309.92585375047514,1516,54.35138275094286,61,1,2,7005,1
546,298.7163254360657,308.96709129343986,1401,52.536944127984725,31,0,2,1007,1
547,298.2271151843993,309.61198509955034,1492,30.871902952340513,39,0,1,1003,0
548,299.3431463911856,309.1004530843125,1565,38.996460811599654,12,1,2,7003,0
549,299.0406154018076,308.08682506570966,1786,43.49439331299361,34,0,1,7005,1
550,299.5446367834713,309.26630275118805,1799,42.08770923144312,4,0,1,1003,1
551,299.040327002224,309.9028066844133,1749,33.428165902233,28,0,1,1006,1
552,299.7043630006371,309.20322364029266,1695,52.04686959270833,69,0,1,1005,1
553,299.103813677549,309.6383777188536,1657,46.95434192391144,24,1,2,1007,0
554,299.1218759430708,309.76841292669684,1480,51.4614344958505,21,0,1,7003,1
555,299.7533072053167,308.45615954389785,1667,52.045399821785225,65,1,2,7004,0
556,298.80696573242477,308.42408967981646,1634,48.95396390264071,44,0,2,1004,0
557,298.2680304569013,309.221961977702,1720,40.29789683499209,68,1,1,7003,0
558,298.0575653526267,308.8220569396134,1710,45.09530914043189,0,0,1,1003,1
559,299.51027451134723,309.67972260573345,1700,32.490231371352806,43,1,1,7003,0
560,299.24061910270694,309.800046246796,1756,46.862071689297416,38,0,1,7004,0
561,299.40815953619847,308.70684275860543,1612,33.01909116069986,53,1,2,1004,1
562,298.42592832301784,308.473741117949,1461,47.43058853428439,28,1,1,7005,1
563,298.27274295117354,309.5610510304877,1448,34.42874850111112,53,0,2,1003,1
564,298.02908933133574,308.54961207109625,1526,31.29143640420616,15,1,1,1008,0
565,298.7011751176132,309.64522863702734,1622,32.627965724002806,19,0,1,1003,1
566,299.17983537370924,308.84747650729753,1678,28.055779786133968,45,0,1,1005,0
567,298.7844880901995,309.3350997985829,1693,48.124709299898846,66,0,1,1008,0
568,298.8749498440475,308.1910706276693,1683,48.507229373634615,64,0,2,1005,1
569,299.8083173889875,309.24771864935315,1676,42.418133797571265,57,0,2,7004,0
570,298.6965109340466,308.9035353574745,1506,32.518158429550745,52,1,1,1007,0
571,299.0279789783196,309.17321692635096,1545,30.339521450299312,0,0,2,1004,0
572,299.5673060254823,308.33602841548975,1498,28.535611060244037,65,0,2,1006,0
573,298.7930855646425,309.47374748988835,1774,32.64094895502618,28,0,1,7005,1
574,299.24417340045574,309.72559415508647,1472,52.94395497952811,69,0,1,1006,0
575,299.7247274174935,308.43347960018156,1521,34.76303156764709,7,0,2,7004,1
576,299.89904124731527,308.19142911104035,1429,37.91959716208204,28,0,2,1007,0
577,298.2941469618581,308.04727717209266,1587,30.94967356547733,50,1,2,1003,0
578,299.853175250323,309.28394300088655,1763,34.226116532948765,32,1,2,7003,1
579,298.98423258615907,309.21418807217754,1753,42.53828798184574,2,0,1,1005,0
580,298.5164887765979,309.09339482542816,1687,45.01707512667827,59,1,1,7004,0
581,298.9182715124765,308.463894192232,1594,34.86986479665391,34,0,2,1005,0
582,299.9600651505709,308.781811991811,1555,29.616500458303282,68,0,1,1003,0
583,298.9852361879857,309.1889526703724,1571,38.948920335567166,19,0,2,1007,0
584,298.657503220575,308.9935337177183,1734,34.55769438593735,38,0,2,1004,0
585,299.26680170863347,309.97557104042977,1440,34.14750985043445,3,0,1,1006,1
586,298.4802912375564,308.27287950511345,1462,54.87615847597675,18,1,2,1003,1
587,298.1517266562173,309.3902891080952,1422,45.25641360592027,44,1,2,7005,1
588,298.25775944382127,308.8086375362086,1759,43.592596408818686,42,1,1,1008,0
589,298.25609167791555,308.8563992298512,1474,39.641702898653016,12,1,1,7004,0
590,298.30380538702457,309.43519553131637,1447,40.01044133604404,12,0,2,1006,0
591,298.2776543452988,309.3848723026487,1559,43.14534010746626,59,1,2,7005,1
592,299.28174948960645,309.9825119874044,1712,47.500034597011,56,0,1,1004,0
593,298.3637601687983,308.25678857890824,1517,47.66009069309122,51,1,2,7005,1
594,298.69133456664775,308.2082192987683,1499,32.80742941575259,52,1,2,1007,0
595,299.793576819812,309.4486776342575,1779,42.003157058145554,42,1,1,1008,0
596,298.94792328052574,309.1567738340128,1566,39.534826660954856,41,1,1,1005,0
597,299.33511547704205,308.5483213331196,1689,52.37475505554276,25,0,1,1006,1
598,298.3446397424033,308.158838737978,1555,45.679729794114536,22,1,1,1008,0
599,298.38457803761736,308.17131649919287,1406,42.91011385964749,42,1,1,7003,1
600,298.08173723253293,309.7883817493282,1595,31.231049981009686,27,0,1,1003,0
601,298.3378701261443,308.3837346494375,1455,44.957860901055525,8,0,2,7003,0
602,298.5571806780639,308.646743124231,1720,31.281709359046538,19,1,2,1003,1
603,298.35402096855347,308.45331280445396,1592,37.44178411584106,55,0,1,1007,0
604,298.1774050675141,308.7099926116639,1446,31.99957501480129,38,0,1,1008,0
605,298.2412717422012,308.1388476854922,1547,47.37806211668233,50,0,2,1004,0
606,298.92155753606545,309.03811958181655,1674,33.775059187412275,11,1,2,7005,0
607,298.4126674368116,308.1352251271844,1556,38.972062449264726,54,0,2,1008,1
608,298.7285397220962,309.6007130156447,1601,53.0788937733258,10,1,1,7003,1
609,299.00683454170974,308.46742416382085,1525,33.72085873517117,25,1,1,7004,0
610,299.38078965725873,309.08002382920904,1794,42.21854179084582,41,1,2,1003,0
611,298.0786242796822,309.7601581751229,1704,39.73960651264861,26,1,1,7004,1
612,299.59882079781806,309.3017547380944,1768,28.507473149280433,10,0,1,1006,0
613,299.25580077898184,309.06591557310264,1693,50.19722718003876,37,1,1,7004,1
614,298.16351806389775,308.64866750623077,1463,29.933285376808794,42,0,2,1008,0
615,299.74715724821357,308.6660038261164,1724,41.2791405873547,18,1,2,7005,1
616,299.8417448010636,309.33897391039636,1791,43.6989922582906,63,0,1,1006,1
617,298.1221559197097,309.9882787224423,1575,45.59594078520844,5,1,1,1004,1
618,298.5537552962944,309.3236783796988,1515,47.281685620620514,45,0,1,1004,1
619,299.61240255958614,309.11556683474004,1603,35.09162673863602,41,1,1,1007,0
620,299.4965193807673,309.4613010204785,1720,28.27940574643658,64,1,1,7005,0
621,298.36904203871273,308.9304112245674,1430,48.25642254593754,58,0,2,1005,1
622,298.4186986466734,308.12028468520157,1787,42.9983847817322,51,1,1,7004,1
623,298.74094420558276,309.12459363175583,1512,51.41129568980297,46,1,1,1006,1
624,298.96904597038207,309.91525056901077,1764,50.99887416121944,6,1,1,1008,1
625,299.2365095430606,308.3506058847153,1724,51.613132698060724,10,0,2,1008,0
626,298.73782727913954,309.3800097816413,1775,41.58265047942712,60,1,2,1005,1
627,298.9250694322663,308.4018673773181,1743,37.34159508343224,67,1,1,1007,1
628,299.4949418762675,309.07165536894615,1466,50.16362967255836,24,0,2,1005,1
629,298.0733664057812,308.1933528992934,1474,40.63623516481914,11,0,2,1003,1
630,298.50487388868805,308.9007418725164,1444,33.136381499296164,25,0,2,7003,1
631,299.4266991717691,309.5123266577905,1659,51.93927254772128,11,0,2,1006,1
632,299.7904136753744,308.695143048478,1553,52.71167654962572,42,0,2,7003,1
633,299.0233548842313,309.3298234489744,1554,41.056673171924764,50,1,2,1005,0
634,299.0642269705306,309.5908999215795,1762,30.119592364674048,36,1,1,1007,1
635,298.21434402267954,309.8543556389589,1633,38.859130517674075,45,1,2,1007,1
636,298.8948247336469,308.4692841637109,1450,50.49905446495289,52,0,2,1004,1
637,299.06523453291004,308.7986318316186,1705,53.2496727992944,12,1,1,1004,0
638,298.48494100726947,308.30483202666085,1661,33.69723678993268,53,0,1,1006,0
639,298.53848646189874,309.98496700431673,1714,29.875261136707604,56,0,1,1006,0
640,298.75456832620927,309.8540019358486,1524,52.565812687719486,3,1,1,1006,1
641,298.04014239555545,309.0799142605611,1798,38.90333829140851,48,0,2,1008,1
642,298.64415833116635,309.68406658875284,1644,43.16930699949177,6,0,2,1004,1
643,298.42289601399307,309.0419159545441,1429,55.10584273742125,10,1,2,1008,0
644,298.65499470435583,309.2471713760055,1521,29.86381238159824,53,0,2,7003,1
645,298.2395242636385,308.17824886423205,1524,46.152904208658676,44,0,1,1005,0
646,299.7810545614798,309.5105408409936,1436,30.07495183209628,22,1,2,7004,0
647,299.1871849071081,308.25542696727047,1569,38.51312999706201,27,0,2,1004,0
648,299.35820463828895,309.6521352605051,1523,50.50680726541651,56,0,1,7004,0
649,299.5783424772147,309.5640561753408,1756,40.13722251715777,25,1,2,1007,0
650,298.99688439785814,309.417489395486,1434,55.921105909282616,24,1,2,1004,1
651,298.1738405761748,308.0723207610495,1486,43.65365997850486,53,1,2,7003,1
652,299.0742130836371,308.60625671189064,1533,36.992540273806696,28,1,2,1004,0
653,299.17368223604177,308.5262251398217,1595,34.16311712533309,35,0,1,1008,1
654,299.4908789483687,308.72027281494303,1673,37.81457496001253,13,0,1,1005,1
655,298.86331909245934,308.17528549352767,1600,38.43093166526742,34,1,1,7005,0
656,298.25516060559113,309.87391564606213,1768,29.923982976270906,29,0,1,1005,0
657,298.56755181159747,309.10760448142474,1684,38.348077583949646,16,0,1,1005,1
658,298.72616459279726,308.61104862131606,1476,40.998678552698294,66,1,2,1007,1
659,299.2918344826632,308.7939630341486,1458,48.23665706268653,29,1,2,7003,1
660,299.14155660933784,308.89440508100967,1525,46.38842557220502,44,0,1,7004,1
661,298.7121934517957,309.20118866672124,1508,47.845438346416316,50,1,1,7003,0
662,299.97303049758597,309.031358855393,1623,28.234183092551998,46,1,1,7005,1
663,299.2115496387138,309.83878394642886,1677,34.09468718825501,52,1,2,1007,0
664,298.474453583472,308.9939269658117,1467,46.52716007519598,63,0,1,1005,0
665,298.2035649452408,309.9843160296466,1468,41.55170230903292,37,1,2,1008,1
666,298.30571827836866,309.7028499154902,1564,28.148777318713687,63,0,2,1007,1
667,298.491915456769,308.41702102871466,1704,50.525849988091025,6,0,2,1006,1
668,298.3213627465191,309.86119042928783,1796,49.63866805212945,21,0,2,1004,0
669,298.3731340481026,308.23273279577097,1561,43.355736563819754,40,1,1,7003,0
670,298.5701903373877,309.63489941698236,1764,29.86097312173562,9,1,2,1007,0
671,298.3467471905895,308.7612465869532,1741,49.46242138691237,56,1,2,1006,0
672,299.7935308492529,309.75594864089015,1708,44.34398045647819,6,1,1,7004,1
673,298.1604674913233,309.7361133802149,1778,49.894879360422856,49,1,2,7005,0
674,299.0490227791405,309.61185080023523,1742,49.04891578708353,51,0,2,7005,0
675,298.8207936539793,309.5800608726141,1786,50.48405801481944,32,0,2,1005,1
676,299.96475723381724,308.60935827819605,1441,42.504225859329495,0,0,1,1005,0
677,298.2240778043361,308.1618385661025,1753,31.92908650941842,52,1,2,1007,0
678,298.7957111980915,308.8059603575303,1508,46.79240925463128,59,0,2,1007,1
679,299.93894086655075,308.347049029973,1450,45.37326598145518,33,0,1,1004,0
680,299.73101425178794,309.3899021778049,1649,48.783089241574444,3,1,1,1003,0
681,299.63414414189856,308.69219945307555,1740,32.75666816942059,16,1,2,7004,0
682,298.5158056540899,309.9512204017198,1782,33.4593055972081,3,0,2,1005,0
683,298.34177517478014,309.2819441546907,1420,52.9314664821412,42,0,1,1003,1
684,299.33728643984887,309.64496112726874,1699,48.999378356657985,3,1,2,1003,0
685,299.85875197825516,308.2650493454837,1538,53.430397683609044,0,1,1,1004,1
686,299.1135257860279,309.72402896454525,1758,49.244028992589776,49,1,2,1008,0
687,299.1432253789398,309.8455143810268,1723,44.72034856772845,60,1,1,1008,1
688,298.55995818732055,308.9741238376379,1784,46.315716636780465,34,0,2,1005,1
689,299.5389858663839,309.21250587550196,1491,52.89558187032028,7,0,1,1006,1
690,298.37408749711506,309.529619601806,1679,44.206589126334336,23,1,1,1004,0
691,298.6473584728085,308.3496772545208,1524,45.706957081194844,35,0,1,1004,0
692,298.85087287723286,309.0051321529269,1796,32.38134804810082,49,0,1,7003,0
693,299.0152207573689,308.7973260555446,1510,41.26979416325088,42,1,1,1003,1
694,298.48481946483014,308.2927479843245,1753,48.05911913482677,26,0,2,7003,0
695,298.2296736494784,308.73506884458305,1538,35.586395552858235,31,0,2,1003,0
696,299.2212400848833,308.136344618771,1672,33.66311705468698,17,0,1,1008,0
697,298.57726110648053,308.05162381389897,1498,36.787150630283634,27,1,2,1005,0
698,299.1624764428452,308.27033257830965,1651,34.762017583799334,28,1,2,7004,1
699,298.3087254305484,309.9262302231783,1737,34.017553837019086,15,0,2,1008,1
700,298.9622802037096,309.09905907179,1503,39.895823600306436,46,1,2,1004,0
701,299.0651788651032,309.93164432230645,1613,53.41947838873895,58,1,2,7004,0
702,298.1036470736449,308.8649957566603,1648,42.19767010868411,30,1,2,1007,0
703,298.67320855638786,308.62363226617055,1551,33.26177066282904,3,0,1,7004,1
704,298.26882935387795,309.0122837256805,1649,30.155206742664475,36,0,2,7004,0
705,298.12674994094556,308.8790233772658,1674,47.49237206386191,16,1,2,1008,1
706,299.97992046477987,308.2113293685235,1564,38.71836540421886,38,0,2,1004,1
707,298.6447076899494,309.2816526293804,1740,51.01126650439006,47,0,1,7004,0
708,299.61974889170926,308.4320763650192,1407,46.46630152194157,45,0,2,1008,0
709,298.5092813095275,309.2391759097957,1683,50.29476061515832,47,0,2,1008,0
710,299.3630054444479,309.3004021847963,1404,35.614489103716565,38,0,2,7004,1
711,299.52045571977936,308.3040497062573,1544,47.38604982890963,3,1,1,1003,1
712,299.1912774812157,308.12269925422135,1500,35.39373557142412,29,0,2,1004,0
713,298.9431523771003,309.5615231721369,1563,54.29391742460817,29,0,1,7005,1
714,298.8236818282945,308.9196008475386,1773,45.81847988293448,21,0,2,7004,0
715,298.697736533086,308.11632759101093,1546,37.086330404909575,65,1,1,7003,0
716,299.85905828849565,309.98973263433953,1463,35.54633214418364,11,1,1,7003,1
717,299.6612388155755,308.11556112199276,1490,33.34594438200602,35,1,1,1007,1
718,299.93005382133305,309.3900704577171,1516,47.44994684902438,17,0,2,1004,1
719,298.2485944469711,309.9673578505268,1753,34.12403716394196,52,1,1,1008,1
720,299.4617349504073,308.47836020843187,1666,44.66849144596969,0,1,1,1005,0
721,299.8766809136421,308.2844987373744,1709,35.409780753910006,57,1,1,1006,0
722,298.3624661323313,308.24276987884485,1572,46.53513045422832,5,1,1,1004,0
723,298.13299253473355,308.6065502951352,1446,50.818312399135095,69,0,2,1004,1
724,299.4822412985801,308.20209162202127,1539,49.78470680805029,43,1,2,7004,0
725,299.14894622635984,309.3843226833883,1645,49.30383726606189,23,1,2,7004,1
726,299.6836575535165,308.12458359626015,1548,33.25622735938306,18,0,2,1008,1
727,298.2795447532526,309.0188442562996,1645,30.474778515566523,17,0,1,1007,1
728,299.5905346237198,309.99339370770593,1794,47.570567197646795,29,1,2,7004,0
729,298.4032546400955,309.62794053901206,1404,38.31372198624184,41,0,1,1006,1
730,298.32731188573143,309.230438876462,1583,40.10569433929372,32,1,2,1006,1
731,298.328531595862,308.6125072415732,1419,28.87217459821495,11,0,2,1007,1
732,299.62914944046275,309.2477916725833,1445,35.26814057970138,26,0,2,1003,1
733,299.3303944413924,309.0540829278233,1411,28.94293930848499,38,1,1,1003,1
734,299.04613084953826,308.8521667677807,1469,52.617201632834934,8,0,2,1004,1
735,298.717660968247,308.2614207534804,1416,34.815107130118854,20,1,2,7004,1
736,299.7544010816262,309.7732084304809,1770,43.605440748044224,28,0,2,7003,1
737,298.7848902148453,308.89956929764264,1546,29.09142097851165,32,1,1,7005,1
738,299.6331988789432,308.38924502364154,1553,46.67172695655843,61,0,2,1007,1
739,298.87826981714045,308.7355187017546,1703,37.044765681114626,14,0,2,1004,1
740,298.7538888588498,308.8282595050579,1507,53.14173723481464,1,0,1,7003,1
741,298.9253595713392,309.65507579113375,1635,52.867309290153,51,0,1,7004,0
742,298.60275574832826,309.4672287611228,1707,37.10813731412894,43,0,2,7003,0
743,299.4952187603525,309.53860978728267,1751,53.2269050793331,53,1,2,7003,1
744,299.005440780185,308.0220625288573,1469,55.892414857965804,17,0,2,1007,1
745,298.4644253902936,308.83230799635953,1582,51.111638595470545,2,1,1,1004,1
746,299.79914914654915,308.9626883032706,1649,51.65639773714641,6,1,1,1008,0
747,298.7677824427464,308.0383845536461,1627,34.97224461105452,42,1,1,1006,0
748,299.087105722228,308.5196264174901,1501,44.14766716801718,37,0,2,1004,0
749,299.8129442219291,309.52057964624424,1474,29.8831655910863,36,1,1,7005,1
750,299.248475991828,308.274219411458,1615,30.657702231006752,57,0,2,7003,1
751,298.23379608141676,309.0706202629052,1798,55.96899313693214,32,1,1,1008,1
752,299.87966424722697,308.4304037440345,1602,37.145898983925505,58,1,1,1007,1
753,299.25541610614283,308.0242415492878,1591,48.9491495373677,10,1,1,1005,0
754,298.6698112293142,308.4824029151991,1648,50.586621484750864,67,1,2,1006,1
755,298.27854414532675,309.9517475098201,1641,52.02465158820242,67,1,2,1005,0
756,299.5880503785406,309.603074223766,1578,55.933592327260385,21,0,2,7004,0
757,299.240145511857,309.91915328864206,1618,34.7619015871923,65,1,2,1005,1
758,299.06692218395267,308.97570808785275,1481,29.12982315207159,43,1,1,7003,0
759,299.7877851661019,308.219472397355,1491,39.513362503848406,5,0,2,7003,0
760,299.57719442244905,309.0959189779474,1574,31.642258755210513,41,0,1,7003,0
761,298.3033497594655,308.9087546691199,1638,28.627924896537543,24,0,2,7003,0
762,298.6234441355911,309.6887141654792,1659,38.09195115996161,56,1,2,1004,1
763,298.49697827962893,308.1961651615685,1790,49.94467103010662,54,1,1,1005,1
764,299.48789258514535,308.9764822740436,1764,43.85305935430198,15,1,1,7005,0
765,298.06706486947155,308.300097329388,1562,36.75778369788991,13,1,2,1005,1
766,299.13977936974266,308.6493518537801,1447,46.32157615379615,38,1,2,1004,0
767,299.52491737148137,309.4747141547756,1728,34.4965090486467,27,1,1,7005,1
768,299.7535312735235,308.9520362587375,1727,28.40268049001838,50,0,1,7005,1
769,298.6841634974318,308.75177657029155,1515,49.401894820219965,48,0,1,1006,1
770,299.642514609344,308.7889525571401,1736,45.46480637619226,8,1,1,7005,1
771,298.2212634739104,308.918893536812,1736,49.34447348602688,57,1,1,1005,1
772,299.69290458346904,309.5700330876741,1768,29.090264467254638,44,1,2,7003,0
773,298.25497732466397,309.78416937788046,1624,51.43934957925826,21,1,2,7003,1
774,298.79457458112074,309.91066937300786,1751,45.346733601016496,31,1,2,7004,0
775,299.5945907315591,309.5738067725106,1727,43.77506981995393,68,0,2,1006,0
776,298.29983485469756,308.63081379149605,1546,45.489193347206886,68,0,1,1005,1
777,298.4585027904653,309.3762694121731,1462,52.2041309123142,41,1,1,1005,0
778,299.4445051367861,308.87520624811077,1693,44.434222183649396,52,0,1,1007,1
779,299.44007307309215,308.5093412440921,1722,44.26661063686902,58,1,2,1003,0
780,299.2822952657706,309.6817431588519,1724,55.73901639784144,38,1,1,1005,0
781,299.3878968889342,308.07685269792466,1412,49.188444677919904,14,1,1,1008,1
782,299.0854488866952,309.80352398427084,1588,40.38422655263179,28,0,2,1005,1
783,298.5035981178139,308.92295492924944,1686,47.80711600092198,2,0,2,1007,1
784,298.6913919870078,309.2744029536166,1607,38.89845320737008,9,1,2,7005,1
785,298.36319543360287,309.31870784441156,1513,34.40851294953797,28,0,1,1004,0
786,299.8169011226673,309.79023548141305,1421,44.711852552857266,34,0,1,1004,1
787,299.16678358953226,309.2733393643344,1748,53.98909874719064,5,1,2,1008,0
788,298.80170283352726,309.2278671695201,1613,54.01590656043295,11,0,2,1008,0
789,298.92401160728826,308.13330408112137,1570,37.57334778695373,37,0,1,7004,0
790,299.89456667922366,309.0368160438904,1722,42.77496905420746,18,1,2,1004,0
791,298.3067028062322,308.3003380016341,1453,33.92580515995611,66,1,1,7005,0
792,299.17245966403357,309.47486753744295,1793,55.87767106596874,7,0,2,1004,0
793,299.01177735776895,309.0244438416253,1697,55.4713014203022,7,1,2,1003,1
794,299.2229084708693,309.36045555841673,1719,46.18625003180853,46,0,2,1004,0
795,298.0362203676417,308.08334580120476,1525,50.523593670969255,3,1,1,7003,0
796,299.7442478178883,308.1695840320916,1676,48.022804515943605,50,1,1,7004,0
797,299.8642365649672,309.43264677612535,1603,44.60843013310511,66,1,2,1007,1
798,299.1302663671784,308.14416867199736,1593,29.493743915689137,44,1,1,1008,1
799,299.3933016477538,308.1425134555305,1568,40.73340159147451,7,0,2,1003,0
800,299.8449987623546,308.0242169504698,1551,46.894016460687496,15,1,2,1008,1
801,299.4144772686268,309.91300279659896,1434,46.97088518874317,66,1,1,7004,0
802,298.30507808582854,309.475016718918,1583,38.44743331582674,8,1,1,1005,1
803,299.1525767203336,308.70650281700415,1685,54.36737562642486,59,0,1,1003,0
804,299.2134300927657,308.5930711625753,1456,32.68599690262987,14,0,1,1006,1
805,298.84826134260476,308.6994064594917,1621,42.010064494035696,40,1,2,1003,1
806,299.47288847124946,309.54930706236235,1702,47.34475134342304,21,1,1,7004,1
807,299.868734029538,309.32274122214085,1562,47.51980256497066,23,1,1,1007,0
808,299.85113702581356,308.37039113573496,1418,46.161890789526836,43,1,2,1003,0
809,298.90167874280826,308.3482186706682,1769,35.708069976652084,0,1,2,7004,0
810,298.2264760916815,308.1967912994268,1663,32.37378392322542,9,1,2,7005,1
811,299.96968239792466,309.3206054394027,1681,45.80632915114791,55,0,2,1004,1
812,299.6777961728919,309.5287453244435,1512,44.78045925190426,49,1,1,7005,0
813,298.2493253624065,308.53009285665,1726,33.02196828809875,11,1,1,7004,1
814,299.84168376523473,308.04188992206184,1429,47.74389607597577,59,1,2,7003,0
815,299.73979272412424,308.16434333495283,1534,40.74481576854238,25,1,2,1005,0
816,299.0376761142521,309.93572006969003,1466,46.69729656488828,40,1,1,1004,0
817,299.18255087148987,308.59088955495486,1464,51.446278233564215,35,1,1,7003,0
818,298.7980054077403,309.5384462956763,1691,32.75239600015385,22,0,1,1007,1
819,298.1095232776441,309.2493271377085,1424,28.536056303911426,42,0,1,1008,1
820,298.67039448329183,308.7638792793058,1436,49.81487241908203,5,0,1,1006,1
821,299.605706897196,308.41137452439114,1400,45.071527904273246,68,0,2,1004,0
822,298.0092640460092,308.2427728363188,1798,47.58990794941941,42,0,2,7005,1
823,298.66699834338226,309.2300259360777,1436,51.46833929968199,24,0,2,1005,0
824,298.7963373871819,309.5492675612756,1540,50.47870617508602,17,1,2,7003,0
825,299.07479120587584,309.2878085070823,1631,54.90576411400709,61,1,1,7004,0
826,299.8397112328255,309.06060426649833,1535,43.00618220785931,12,1,2,1004,0
827,298.6926919887319,308.08390244686325,1788,41.67787771447735,42,1,1,1008,0
828,298.6939064037925,309.9369775551888,1587,39.25284159694044,27,1,1,7004,0
829,299.4750024962195,309.59742838330914,1527,32.30334919963773,17,1,1,7003,1
830,298.9044358817796,308.5856440734019,1600,44.03300252069663,58,0,1,1005,1
831,298.44920964588,309.9599406587177,1526,35.75635068112741,59,1,1,1003,1
832,298.9048790322654,309.20376317927264,1656,53.796610341963316,62,0,1,1008,1
833,298.2817140407596,309.16484531641447,1563,44.32934251975873,56,0,1,7004,0
834,298.35277397301246,309.49614635885905,1434,44.59952505422709,50,1,2,1008,0
835,298.99673554547894,309.6235395761803,1593,37.93789050455628,55,1,1,1007,1
836,298.8378508990091,309.312957214663,1590,29.45570185537581,26,1,2,7004,1
837,299.8296918021362,308.2561914927324,1503,28.88882543044368,31,1,2,1004,1
838,298.72478779823325,308.676535011989,1422,39.853384036289526,8,1,1,1003,1
839,299.1611767005561,309.8561672806521,1664,30.36783058672266,67,1,1,1003,1
840,299.26452857583905,308.4492312236877,1689,44.991714755123894,45,1,2,1006,1
841,298.02618891317667,308.744334047675,1783,52.6672441579104,66,0,2,1008,1
842,299.32707474403344,308.8641537658884,1659,52.72161486252422,25,1,2,7005,1
843,298.3560719337395,308.8788099793889,1757,46.45327148370251,7,1,2,1003,0
844,299.9221406349389,309.22587916498907,1474,33.914491281242064,5,0,1,1003,0
845,298.2973254555062,309.88615167548943,1754,52.16391127804842,23,1,1,1007,0
846,298.8292482474541,308.481385423665,1471,52.81061618876983,47,1,1,1007,0
847,298.17069933615727,308.24300275260185,1658,33.506300378682845,44,0,2,1007,1
848,299.9937485036919,308.3949409797199,1797,48.64793040157896,12,1,1,1008,0
849,299.00439002066247,309.77384980041853,1587,36.02254736995944,68,1,2,7004,1
850,299.1907700346401,309.2916216253104,1572,50.473928745882034,24,1,1,1005,0
851,298.1341529547769,308.5718135784783,1689,55.922661197300876,19,1,2,7005,1
852,299.49992094079835,309.6318938779372,1444,28.840728149222997,65,1,1,1003,1
853,298.41981118619117,309.7227399927269,1460,53.12624424214609,44,1,1,1006,0
854,299.79610857888144,309.69302867738054,1482,45.43365494076242,46,0,2,7005,0
855,298.410279280964,309.8378530672791,1522,55.25471333661499,62,1,2,7004,1
856,298.38137544132735,308.5044820403467,1757,41.02026649073997,54,1,2,7005,1
857,298.0730993356962,309.51008385749253,1415,51.72686205599847,18,0,2,1003,1
858,298.94413389022,308.9210789945483,1465,29.74703392075176,34,0,2,7005,0
859,299.1296822665252,309.6839971057801,1544,37.38781340219228,52,1,1,1005,0
860,298.1314172788567,309.4569813543232,1774,29.87646305703388,25,0,2,7005,1
861,299.55105523339,309.55289489299946,1561,55.30960773741398,13,1,1,1003,0
862,298.9065776694961,309.31232367536217,1633,50.875269403611426,44,1,1,1003,1
863,299.04878053865514,308.3548575389394,1779,51.87132779488717,43,0,1,7005,0
864,298.88152549387644,309.0900538377939,1543,54.26302648014904,64,1,1,1008,0
865,298.80152612175067,309.96933947904904,1757,30.38289761135399,50,1,1,1006,0
866,299.11928066261646,309.8747761329942,1587,38.79673259037334,42,0,2,7003,0
867,298.3104804918614,308.086347471594,1721,29.98897689323206,22,0,2,1007,0
868,298.36385626099053,308.3296296314589,1412,33.902206843400805,55,0,1,7003,1
869,299.72357124202705,308.26345754690914,1583,34.42224175705483,18,0,1,7004,1
870,299.89223092426727,309.45195981997057,1510,41.1350019093322,54,1,2,7004,0
871,298.7466186325595,309.6355706597139,1689,35.519740688701994,59,0,2,1003,1
872,298.5414893462871,308.42702273262137,1694,30.82738699089731,58,0,1,7004,1
873,299.287999086478,309.01170538590367,1791,32.689750494635014,32,0,2,1008,0
874,298.8174683421962,309.6814060560224,1614,32.12371577945855,18,0,2,1006,1
875,298.0507727113207,309.4656030895325,1519,55.24615034154435,27,0,2,7004,0
876,298.3123051947324,309.0844744109837,1781,49.260190193717264,51,1,1,1005,1
877,299.4319444576948,309.18069538091754,1454,55.097321027547736,48,0,2,1006,1
878,299.3178478838203,309.0167210938326,1426,40.31273362222144,36,1,1,1008,1
879,298.054191985007,308.59509690263764,1517,35.794317486554384,25,0,1,7003,1
880,298.4439443238659,309.13004398571803,1620,50.352209521857226,39,0,1,1006,1
881,298.46214959317615,309.3777706041002,1630,37.13510970515211,37,0,1,1006,1
882,299.34378548719747,309.7466458317216,1452,36.382734463749756,53,0,1,7003,1
883,298.03942107550876,309.2725827079585,1694,34.51016778181928,21,0,2,1008,0
884,298.20821716396915,309.5222430740863,1720,31.63101139027859,15,0,1,7004,0
885,299.59983217074637,308.3201432699091,1632,35.180965708469444,27,0,1,1003,0
886,298.35708932410864,308.92311494883955,1557,37.94895295726886,34,0,1,7003,0
887,299.30549221570374,308.0186632396542,1668,46.87183782808045,59,1,2,7003,1
888,298.47636556209346,308.4933577290432,1420,29.751815582144644,44,0,2,7003,1
889,298.19888278551866,309.452923430226,1452,33.8941943106296,45,1,2,7003,1
890,298.4863443819989,309.9836199026987,1674,50.652661928166935,54,0,2,7004,0
891,299.44453386371134,308.19835619917444,1712,32.11381386034558,25,1,2,7005,0
892,299.7113929362126,308.8029886317226,1680,37.594064102630604,24,0,2,7005,0
893,299.660439729134,309.6001419373983,1613,52.21044981202792,64,0,2,1004,1
894,298.7943670592369,308.4080712692578,1430,32.33790871201639,5,0,1,7003,0
895,299.3361702731413,309.11016989860457,1736,30.316631397309315,22,1,1,7003,1
896,298.4099685908316,309.4661425920593,1582,41.5670638622403,63,1,2,1006,0
897,298.586295460522,309.23197090052037,1422,36.46774631579902,42,1,1,7005,1
898,299.79267163704225,308.37604946923085,1431,43.77543420554792,22,1,1,7004,0
899,298.02600384702146,308.71076913737147,1473,50.506536933537305,29,0,2,1003,1
900,298.17101706170894,309.5675835689708,1409,31.84015766827681,17,0,1,1004,0
901,298.4157725102921,309.108453028264,1453,44.25957436751998,20,0,1,1004,0
902,298.0530644077476,308.01045922708585,1451,42.154245290916194,56,1,2,7004,1
903,298.3628708701796,309.5219815200562,1547,32.03420600836959,22,0,1,1003,1
904,299.1660831219394,308.07062270988047,1559,45.47195759481151,44,1,2,1006,0
905,298.842849101185,309.4914675654625,1769,35.661931700101604,43,1,2,1007,1
906,299.78534342215397,308.4049611203305,1413,41.65936091923235,46,1,1,7005,0
907,299.63488712347686,309.91614696023873,1577,30.303625079757733,39,1,1,7003,1
908,298.68363470339574,308.7358815026042,1765,40.86835360198145,50,1,1,7004,0
909,298.5188468668626,308.65386323267614,1452,36.58097710519897,41,0,2,7005,1
910,298.75938481633455,308.29777610066486,1734,51.026673913189924,6,1,2,7003,0
911,299.18058988502963,308.6112084309804,1421,29.595404355926313,49,1,2,1007,0
912,298.53612728164575,309.7533015236564,1429,39.721003697713236,47,0,1,1007,0
913,299.24829781569827,309.9926686752545,1590,40.83607987568026,5,1,1,1008,1
914,298.8188233043825,308.7366190610137,1659,48.30017013637533,8,1,2,1007,0
915,299.10409436170397,308.89722126190907,1604,44.08005210252591,56,0,1,7005,1
916,298.87225305827064,309.44414187640547,1458,46.681945441437065,30,0,1,1005,1
917,298.5889315190838,309.77239156093015,1663,49.75737999824917,20,0,2,1005,1
918,299.89690661392433,309.18608866837354,1411,52.14168326242928,39,1,2,7003,0
919,299.5272115883195,308.78305139635563,1518,36.78851390822918,44,0,1,7003,1
920,298.2802263515329,308.82524368169726,1689,43.06463575018928,48,0,2,1008,1
921,299.73693595179583,309.3912362929936,1737,51.52302619629759,19,0,1,1005,1
922,298.974862396499,308.00643652720856,1647,55.70463166702158,16,1,2,7003,0
923,299.7891044537882,309.2391786749197,1753,52.90654070922537,27,0,2,1007,1
924,299.5997105118946,308.71098602088273,1526,38.40108335348255,40,1,2,7003,1
925,298.8504270089385,309.58839466255415,1474,33.46466248212221,65,1,1,1004,1
926,298.04493861664025,308.1859812796463,1760,41.70299104738449,24,0,1,1008,1
927,298.5373547187699,309.1764045338968,1603,48.76596065140919,57,1,2,7004,0
928,299.0832684293217,308.96194577977224,1448,41.791933981092335,40,1,2,1003,0
929,299.2669564396523,309.28465105181044,1478,41.52906417278272,5,0,2,1006,1
930,298.5157753708664,308.12970718896594,1640,51.47045179029041,37,1,1,1003,1
931,298.27871214814564,309.15996757485624,1748,38.11930581388122,5,0,2,1003,1
932,299.6698604735986,309.122969175919,1553,52.07425089472608,44,1,2,7004,1
933,299.9688043614071,309.1213201888323,1673,39.39053442664826,13,1,2,7003,0
934,299.0513803646054,309.20697533319293,1495,37.1905269589935,65,0,2,1003,0
935,298.3433585716966,309.3529358744527,1613,40.71171751359157,39,0,1,1004,0
936,298.54461465303876,309.60997799936155,1693,49.34851484289632,2,1,1,1006,0
937,298.0367813530949,308.53964144025645,1608,31.52805678019184,23,1,2,1003,1
938,299.828597613121,309.65009882036014,1742,33.49973804441649,18,0,1,1005,1
939,298.2355021657803,308.9965113645269,1487,54.64045511856658,17,1,1,7004,0
940,299.15303295102854,308.15411655826864,1705,32.91376556667801,63,1,1,7004,0
941,298.54811044137443,308.11710185848796,1663,43.89636490206953,34,1,2,7004,1
942,299.10835600503157,308.66847663739213,1789,44.22080506653426,61,1,1,1008,1
943,299.3028407767037,309.5697939542229,1724,41.709484937406856,0,0,1,1008,1
944,299.6594836074144,309.41536186948184,1776,46.05286696015092,24,0,1,1007,1
945,298.4128425435212,309.5772299293448,1719,34.43514832233332,44,0,2,7005,1
946,298.02199165731696,309.03453811288324,1556,43.474543497748954,48,0,2,1006,0
947,298.2737712601376,308.880397995911,1555,38.42085114691312,15,0,1,7003,0
948,299.8000372836962,308.29490505341255,1538,46.526683269617294,18,0,1,1003,1
949,299.74778015512504,308.6563855072186,1520,31.954259214448186,22,1,2,7005,1
950,299.19482620434064,308.86803873234777,1464,43.98456767150533,24,0,2,7003,0
951,299.2010337208673,308.17720085935923,1506,33.187569950733064,15,1,1,7005,1
952,299.3300733490925,308.4412239054224,1546,35.80200576722102,53,1,1,7003,0
953,298.3507425572469,309.1964505881275,1536,34.12387440906033,0,1,2,1004,0
954,299.82882389184994,309.4713262284784,1561,33.11945783632688,41,0,2,1008,0
955,298.83754104978414,309.9966950227859,1499,51.11990664369868,18,1,1,1006,0
956,298.766277056499,309.8662266626871,1737,35.99981189450493,33,0,2,1005,1
957,299.03783541056566,309.2851303990704,1798,53.95946589220458,54,1,1,1004,1
958,298.0939319335501,308.84249610658816,1706,55.15794270966535,17,1,1,1008,0
959,298.33256673751214,309.27235472941646,1540,43.995293158238724,33,0,1,7004,1
960,299.47606723285276,309.5713032361605,1482,32.00403143464034,44,1,2,1008,1
961,298.16559733585024,308.2366723818468,1576,38.48735081462827,5,1,1,7005,1
962,299.20630421893276,308.8198097793926,1597,50.33650337374999,20,1,1,1007,1
963,298.4906982193626,309.6796045712712,1511,38.286940403517974,69,1,2,1004,0
964,298.77859122808394,308.7676659038661,1455,30.436482112478085,47,0,2,7004,1
965,298.5773874735414,309.1437445424544,1578,43.58997750598926,38,1,1,7005,0
966,298.7113454329299,309.1755387217244,1585,51.66338384188897,30,1,1,1006,0
967,299.4380918103685,308.3689525062673,1617,50.28593884001806,9,0,2,1008,1
968,298.59424343124635,308.7244708833046,1715,32.90344792364989,29,1,2,7004,0
969,299.1328092805938,308.6690225774839,1616,46.83740920354907,17,1,2,7005,1
970,298.9521008043982,308.05239341706414,1519,34.17411937619812,59,1,1,1007,1
971,299.3273423307253,308.04838352778273,1793,34.109810967460824,14,1,1,1008,0
972,299.87365947864953,309.66339408735155,1574,52.474009652545185,3,0,1,1006,1
973,299.4651441944205,308.5461416199456,1422,34.99073067672644,62,1,2,1007,0
974,298.42988075718154,309.0361575324776,1612,35.370925702504316,39,0,1,7003,0
975,298.0623662701226,308.59745114717754,1634,28.018294941316388,8,1,2,7005,1
976,298.52452808859965,309.8813584902307,1412,52.378732955514494,8,1,1,1008,1
977,299.1901558614005,308.5185935177316,1500,50.19265476985577,25,1,2,1008,1
978,298.1028516269685,308.85931362547785,1423,45.56521018253898,3,0,1,7004,0
979,298.99273249440245,309.7454605009692,1763,49.00744139028758,15,1,1,1006,1
980,299.19368569783376,309.6838671335836,1410,32.25735988788577,14,1,2,1005,0
981,298.6684877816339,308.3722028356926,1672,40.83306064845211,51,0,2,7003,0
982,299.5418244074916,309.6052866195914,1680,37.83414284576587,68,0,1,1007,1
983,298.21319650626754,308.9163737734758,1493,30.62574273519646,4,0,2,1004,1
984,298.1502755634716,308.96593774417073,1600,41.61165358601787,19,0,2,1004,1
985,299.4563775124072,308.2669599448319,1420,53.78071020959379,17,1,1,1008,0
986,298.9909826324124,308.16120302751426,1739,29.121655333419447,1,1,2,7004,1
987,299.37680479285547,309.4558786139475,1610,36.16090557782623,12,1,1,1003,0
988,298.8696546772075,308.9929223047106,1539,33.8111462137597,3,1,1,1008,1
989,298.4928040664782,308.87370140523035,1692,34.6681063026395,41,0,2,1004,1
990,299.6382046353484,309.4590164573048,1697,53.436167452622506,60,1,2,1004,0
991,299.59883175793794,309.53102579798224,1500,41.10593351856012,7,1,1,7003,0
992,299.3893929417089,308.3178163353387,1703,41.05638356231493,66,1,1,1003,1
993,298.5442902744599,309.22045029895526,1758,49.29611798874791,62,1,1,1008,1
994,299.18046133373815,308.27070816455534,1427,32.325781712137925,8,0,1,7003,1
995,298.7219477938801,309.5027501720581,1440,41.64342991480142,10,1,1,7004,1
996,298.18316414665327,309.3139103125343,1754,40.03958599538967,41,1,1,7003,1
997,299.83462715092446,309.9132292421669,1702,44.71349933530637,12,1,2,1008,0
998,298.2736372618379,308.13791603271284,1545,55.98761569101228,35,0,2,7005,0
999,299.9004747076416,308.1141094423025,1655,49.54456903429732,12,0,2,1005,0
1000,298.8920115459159,308.5643741493864,1626,39.14023968448796,11,1,1,1008,0
